# UK air conditioning statistics, compiled by CoolIn, https://cool-in.co.uk/air-conditioning-statistics, updated 2026-10-05. Free to use with credit and a link.
metric,group,value,unit,period,area,source,source_url,note
"Homes using air conditioning, by region",London,6.5,% of households,"Share of households in each English region using air conditioning to keep cool in summer, 2023-24",England,Jones,https://www.edrc.ac.uk/publications/socio-technical-drivers-of-air-conditioning-adoption-and-use-in-uk-homes/,
"Homes using air conditioning, by region",East of England,6.5,% of households,"Share of households in each English region using air conditioning to keep cool in summer, 2023-24",England,Jones,https://www.edrc.ac.uk/publications/socio-technical-drivers-of-air-conditioning-adoption-and-use-in-uk-homes/,
"Homes using air conditioning, by region",East Midlands,5.5,% of households,"Share of households in each English region using air conditioning to keep cool in summer, 2023-24",England,Jones,https://www.edrc.ac.uk/publications/socio-technical-drivers-of-air-conditioning-adoption-and-use-in-uk-homes/,
"Homes using air conditioning, by region",South East,5.4,% of households,"Share of households in each English region using air conditioning to keep cool in summer, 2023-24",England,Jones,https://www.edrc.ac.uk/publications/socio-technical-drivers-of-air-conditioning-adoption-and-use-in-uk-homes/,
"Homes using air conditioning, by region",England,4.3,% of households,"Share of households in each English region using air conditioning to keep cool in summer, 2023-24",England,Jones,https://www.edrc.ac.uk/publications/socio-technical-drivers-of-air-conditioning-adoption-and-use-in-uk-homes/,
"Homes using air conditioning, by region",West Midlands,3.5,% of households,"Share of households in each English region using air conditioning to keep cool in summer, 2023-24",England,Jones,https://www.edrc.ac.uk/publications/socio-technical-drivers-of-air-conditioning-adoption-and-use-in-uk-homes/,
"Homes using air conditioning, by region",South West,2.8,% of households,"Share of households in each English region using air conditioning to keep cool in summer, 2023-24",England,Jones,https://www.edrc.ac.uk/publications/socio-technical-drivers-of-air-conditioning-adoption-and-use-in-uk-homes/,
"Homes using air conditioning, by region",North West,2.5,% of households,"Share of households in each English region using air conditioning to keep cool in summer, 2023-24",England,Jones,https://www.edrc.ac.uk/publications/socio-technical-drivers-of-air-conditioning-adoption-and-use-in-uk-homes/,
"Homes using air conditioning, by region",Yorkshire and the Humber,1.7,% of households,"Share of households in each English region using air conditioning to keep cool in summer, 2023-24",England,Jones,https://www.edrc.ac.uk/publications/socio-technical-drivers-of-air-conditioning-adoption-and-use-in-uk-homes/,
"Homes using air conditioning, by region",North East,1.5,% of households,"Share of households in each English region using air conditioning to keep cool in summer, 2023-24",England,Jones,https://www.edrc.ac.uk/publications/socio-technical-drivers-of-air-conditioning-adoption-and-use-in-uk-homes/,
Air conditioning rises with income,Highest fifth,8.2,% of households,"Share of households using air conditioning in summer, by household income, England 2023-24",England,Jones,https://www.edrc.ac.uk/publications/socio-technical-drivers-of-air-conditioning-adoption-and-use-in-uk-homes/,
Air conditioning rises with income,Fourth fifth,5.1,% of households,"Share of households using air conditioning in summer, by household income, England 2023-24",England,Jones,https://www.edrc.ac.uk/publications/socio-technical-drivers-of-air-conditioning-adoption-and-use-in-uk-homes/,
Air conditioning rises with income,Middle fifth,3.6,% of households,"Share of households using air conditioning in summer, by household income, England 2023-24",England,Jones,https://www.edrc.ac.uk/publications/socio-technical-drivers-of-air-conditioning-adoption-and-use-in-uk-homes/,
Air conditioning rises with income,Second fifth,2.2,% of households,"Share of households using air conditioning in summer, by household income, England 2023-24",England,Jones,https://www.edrc.ac.uk/publications/socio-technical-drivers-of-air-conditioning-adoption-and-use-in-uk-homes/,
Air conditioning rises with income,Lowest fifth,2.5,% of households,"Share of households using air conditioning in summer, by household income, England 2023-24",England,Jones,https://www.edrc.ac.uk/publications/socio-technical-drivers-of-air-conditioning-adoption-and-use-in-uk-homes/,
Those most at risk from heat are least likely to have it,Child under 5,6.1,% of households,"Share of households using air conditioning in summer, by who lives there, England 2023-24",England,Jones,https://www.edrc.ac.uk/publications/socio-technical-drivers-of-air-conditioning-adoption-and-use-in-uk-homes/,
Those most at risk from heat are least likely to have it,Baby under 1,5.8,% of households,"Share of households using air conditioning in summer, by who lives there, England 2023-24",England,Jones,https://www.edrc.ac.uk/publications/socio-technical-drivers-of-air-conditioning-adoption-and-use-in-uk-homes/,
Those most at risk from heat are least likely to have it,Someone with a long term illness or disability,5.0,% of households,"Share of households using air conditioning in summer, by who lives there, England 2023-24",England,Jones,https://www.edrc.ac.uk/publications/socio-technical-drivers-of-air-conditioning-adoption-and-use-in-uk-homes/,
Those most at risk from heat are least likely to have it,All households,4.3,% of households,"Share of households using air conditioning in summer, by who lives there, England 2023-24",England,Jones,https://www.edrc.ac.uk/publications/socio-technical-drivers-of-air-conditioning-adoption-and-use-in-uk-homes/,
Those most at risk from heat are least likely to have it,Someone over 65,3.7,% of households,"Share of households using air conditioning in summer, by who lives there, England 2023-24",England,Jones,https://www.edrc.ac.uk/publications/socio-technical-drivers-of-air-conditioning-adoption-and-use-in-uk-homes/,
Those most at risk from heat are least likely to have it,Lone parent with children,2.9,% of households,"Share of households using air conditioning in summer, by who lives there, England 2023-24",England,Jones,https://www.edrc.ac.uk/publications/socio-technical-drivers-of-air-conditioning-adoption-and-use-in-uk-homes/,
Those most at risk from heat are least likely to have it,Someone over 75,3.0,% of households,"Share of households using air conditioning in summer, by who lives there, England 2023-24",England,Jones,https://www.edrc.ac.uk/publications/socio-technical-drivers-of-air-conditioning-adoption-and-use-in-uk-homes/,
Working from home goes with air conditioning,Four or more days a week,6.9,% of households,"Share of households using air conditioning in summer, by how often someone works from home, England 2023-24",England,Jones,https://www.edrc.ac.uk/publications/socio-technical-drivers-of-air-conditioning-adoption-and-use-in-uk-homes/,
Working from home goes with air conditioning,Two or three days a week,6.3,% of households,"Share of households using air conditioning in summer, by how often someone works from home, England 2023-24",England,Jones,https://www.edrc.ac.uk/publications/socio-technical-drivers-of-air-conditioning-adoption-and-use-in-uk-homes/,
Working from home goes with air conditioning,Once a week,5.6,% of households,"Share of households using air conditioning in summer, by how often someone works from home, England 2023-24",England,Jones,https://www.edrc.ac.uk/publications/socio-technical-drivers-of-air-conditioning-adoption-and-use-in-uk-homes/,
Working from home goes with air conditioning,Less than once a week,1.3,% of households,"Share of households using air conditioning in summer, by how often someone works from home, England 2023-24",England,Jones,https://www.edrc.ac.uk/publications/socio-technical-drivers-of-air-conditioning-adoption-and-use-in-uk-homes/,
Working from home goes with air conditioning,Never,3.2,% of households,"Share of households using air conditioning in summer, by how often someone works from home, England 2023-24",England,Jones,https://www.edrc.ac.uk/publications/socio-technical-drivers-of-air-conditioning-adoption-and-use-in-uk-homes/,
Which homes have air conditioning,By type: Detached or bungalow,6.2,% of households,"Share of households using air conditioning in summer, by home type, age and tenure, England 2023-24",England,Jones,https://www.edrc.ac.uk/publications/socio-technical-drivers-of-air-conditioning-adoption-and-use-in-uk-homes/,
Which homes have air conditioning,By type: Semi detached,3.9,% of households,"Share of households using air conditioning in summer, by home type, age and tenure, England 2023-24",England,Jones,https://www.edrc.ac.uk/publications/socio-technical-drivers-of-air-conditioning-adoption-and-use-in-uk-homes/,
Which homes have air conditioning,By type: Flat,3.7,% of households,"Share of households using air conditioning in summer, by home type, age and tenure, England 2023-24",England,Jones,https://www.edrc.ac.uk/publications/socio-technical-drivers-of-air-conditioning-adoption-and-use-in-uk-homes/,
Which homes have air conditioning,By type: Terraced,3.6,% of households,"Share of households using air conditioning in summer, by home type, age and tenure, England 2023-24",England,Jones,https://www.edrc.ac.uk/publications/socio-technical-drivers-of-air-conditioning-adoption-and-use-in-uk-homes/,
Which homes have air conditioning,By age: Built since 2000,6.6,% of households,"Share of households using air conditioning in summer, by home type, age and tenure, England 2023-24",England,Jones,https://www.edrc.ac.uk/publications/socio-technical-drivers-of-air-conditioning-adoption-and-use-in-uk-homes/,
Which homes have air conditioning,By age: Built before 1930,4.3,% of households,"Share of households using air conditioning in summer, by home type, age and tenure, England 2023-24",England,Jones,https://www.edrc.ac.uk/publications/socio-technical-drivers-of-air-conditioning-adoption-and-use-in-uk-homes/,
Which homes have air conditioning,By age: Built 1930 to 1964,3.7,% of households,"Share of households using air conditioning in summer, by home type, age and tenure, England 2023-24",England,Jones,https://www.edrc.ac.uk/publications/socio-technical-drivers-of-air-conditioning-adoption-and-use-in-uk-homes/,
Which homes have air conditioning,By age: Built 1965 to 1999,3.6,% of households,"Share of households using air conditioning in summer, by home type, age and tenure, England 2023-24",England,Jones,https://www.edrc.ac.uk/publications/socio-technical-drivers-of-air-conditioning-adoption-and-use-in-uk-homes/,
Which homes have air conditioning,By tenure: Owner occupied,5.0,% of households,"Share of households using air conditioning in summer, by home type, age and tenure, England 2023-24",England,Jones,https://www.edrc.ac.uk/publications/socio-technical-drivers-of-air-conditioning-adoption-and-use-in-uk-homes/,
Which homes have air conditioning,By tenure: Private rented,3.3,% of households,"Share of households using air conditioning in summer, by home type, age and tenure, England 2023-24",England,Jones,https://www.edrc.ac.uk/publications/socio-technical-drivers-of-air-conditioning-adoption-and-use-in-uk-homes/,
Which homes have air conditioning,By tenure: Council,3.2,% of households,"Share of households using air conditioning in summer, by home type, age and tenure, England 2023-24",England,Jones,https://www.edrc.ac.uk/publications/socio-technical-drivers-of-air-conditioning-adoption-and-use-in-uk-homes/,
Which homes have air conditioning,By tenure: Housing association,2.6,% of households,"Share of households using air conditioning in summer, by home type, age and tenure, England 2023-24",England,Jones,https://www.edrc.ac.uk/publications/socio-technical-drivers-of-air-conditioning-adoption-and-use-in-uk-homes/,
Homes reporting overheating in England,2019,1.7,million homes,"Homes where the household reported the home getting uncomfortably hot, millions",England,Ministry of Housing,https://www.gov.uk/government/statistics/english-housing-survey-2024-to-2025-weather-resilience-in-housing-fact-sheet/english-housing-survey-2024-to-2025-weather-resilient-homes-fact-sheet,
Homes reporting overheating in England,2024,3.0,million homes,"Homes where the household reported the home getting uncomfortably hot, millions",England,Ministry of Housing,https://www.gov.uk/government/statistics/english-housing-survey-2024-to-2025-weather-resilience-in-housing-fact-sheet/english-housing-survey-2024-to-2025-weather-resilient-homes-fact-sheet,
Homes reporting overheating in England,2027 if the trend continues,3.78,million homes,"Homes where the household reported the home getting uncomfortably hot, millions",England,Ministry of Housing,https://www.gov.uk/government/statistics/english-housing-survey-2024-to-2025-weather-resilience-in-housing-fact-sheet/english-housing-survey-2024-to-2025-weather-resilient-homes-fact-sheet,CoolIn projection
Which homes overheat,Detached house,15,% of households,"Share of homes in England reported as overheating in 2024, by type of home",England,Ministry of Housing,https://www.gov.uk/government/statistics/english-housing-survey-2024-to-2025-weather-resilience-in-housing-fact-sheet/english-housing-survey-2024-to-2025-weather-resilient-homes-fact-sheet,
Which homes overheat,Bungalow,14,% of households,"Share of homes in England reported as overheating in 2024, by type of home",England,Ministry of Housing,https://www.gov.uk/government/statistics/english-housing-survey-2024-to-2025-weather-resilience-in-housing-fact-sheet/english-housing-survey-2024-to-2025-weather-resilient-homes-fact-sheet,
Which homes overheat,Semi detached house,12,% of households,"Share of homes in England reported as overheating in 2024, by type of home",England,Ministry of Housing,https://www.gov.uk/government/statistics/english-housing-survey-2024-to-2025-weather-resilience-in-housing-fact-sheet/english-housing-survey-2024-to-2025-weather-resilient-homes-fact-sheet,
Which homes overheat,Terraced house,11,% of households,"Share of homes in England reported as overheating in 2024, by type of home",England,Ministry of Housing,https://www.gov.uk/government/statistics/english-housing-survey-2024-to-2025-weather-resilience-in-housing-fact-sheet/english-housing-survey-2024-to-2025-weather-resilient-homes-fact-sheet,
Which homes overheat,Purpose built flat,9.5,% of households,"Share of homes in England reported as overheating in 2024, by type of home",England,Ministry of Housing,https://www.gov.uk/government/statistics/english-housing-survey-2024-to-2025-weather-resilience-in-housing-fact-sheet/english-housing-survey-2024-to-2025-weather-resilient-homes-fact-sheet,
How people cooled down when their home overheated,Opened windows,90,% of households,"Methods used by the 3 million households in England whose home got uncomfortably hot, 2024-25",England,Ministry of Housing,https://www.gov.uk/government/statistics/english-housing-survey-2024-to-2025-weather-resilience-in-housing-fact-sheet/english-housing-survey-2024-to-2025-weather-resilient-homes-fact-sheet,
How people cooled down when their home overheated,"Closed curtains, blinds or shutters",75,% of households,"Methods used by the 3 million households in England whose home got uncomfortably hot, 2024-25",England,Ministry of Housing,https://www.gov.uk/government/statistics/english-housing-survey-2024-to-2025-weather-resilience-in-housing-fact-sheet/english-housing-survey-2024-to-2025-weather-resilient-homes-fact-sheet,
How people cooled down when their home overheated,Switched on a fan,59,% of households,"Methods used by the 3 million households in England whose home got uncomfortably hot, 2024-25",England,Ministry of Housing,https://www.gov.uk/government/statistics/english-housing-survey-2024-to-2025-weather-resilience-in-housing-fact-sheet/english-housing-survey-2024-to-2025-weather-resilient-homes-fact-sheet,
How people cooled down when their home overheated,Used air conditioning,7,% of households,"Methods used by the 3 million households in England whose home got uncomfortably hot, 2024-25",England,Ministry of Housing,https://www.gov.uk/government/statistics/english-housing-survey-2024-to-2025-weather-resilience-in-housing-fact-sheet/english-housing-survey-2024-to-2025-weather-resilient-homes-fact-sheet,
How people cooled down when their home overheated,Put out an awning or canopy,3,% of households,"Methods used by the 3 million households in England whose home got uncomfortably hot, 2024-25",England,Ministry of Housing,https://www.gov.uk/government/statistics/english-housing-survey-2024-to-2025-weather-resilience-in-housing-fact-sheet/english-housing-survey-2024-to-2025-weather-resilient-homes-fact-sheet,
"What it costs to keep cool, per hour",Portable air conditioner,26.3,pence per hour,Running cost per hour at the October to December 2026 price cap of 26.32p per kWh,Great Britain,Ofgem; CoolIn,https://www.ofgem.gov.uk/your-energy-supply/your-energy-bill/energy-price-cap-unit-rates-and-standing-charges,
"What it costs to keep cool, per hour","Split system, cooling a hot room down",17.1,pence per hour,Running cost per hour at the October to December 2026 price cap of 26.32p per kWh,Great Britain,Ofgem; CoolIn,https://www.ofgem.gov.uk/your-energy-supply/your-energy-bill/energy-price-cap-unit-rates-and-standing-charges,
"What it costs to keep cool, per hour","Split system, holding the room at temperature",7.9,pence per hour,Running cost per hour at the October to December 2026 price cap of 26.32p per kWh,Great Britain,Ofgem; CoolIn,https://www.ofgem.gov.uk/your-energy-supply/your-energy-bill/energy-price-cap-unit-rates-and-standing-charges,
"What it costs to keep cool, per hour",Evaporative air cooler,1.8,pence per hour,Running cost per hour at the October to December 2026 price cap of 26.32p per kWh,Great Britain,Ofgem; CoolIn,https://www.ofgem.gov.uk/your-energy-supply/your-energy-bill/energy-price-cap-unit-rates-and-standing-charges,
"What it costs to keep cool, per hour",Electric fan,1.1,pence per hour,Running cost per hour at the October to December 2026 price cap of 26.32p per kWh,Great Britain,Ofgem; CoolIn,https://www.ofgem.gov.uk/your-energy-supply/your-energy-bill/energy-price-cap-unit-rates-and-standing-charges,
Homes using air conditioning in England by summer 2027,"2023-24, measured",1.06,million homes,"Measured in 2023-24, and two projections for July 2027, millions of homes",England,Jones,https://www.edrc.ac.uk/publications/socio-technical-drivers-of-air-conditioning-adoption-and-use-in-uk-homes/,
Homes using air conditioning in England by summer 2027,2027 at the pre 2020 pace,1.37,million homes,"Measured in 2023-24, and two projections for July 2027, millions of homes",England,Jones,https://www.edrc.ac.uk/publications/socio-technical-drivers-of-air-conditioning-adoption-and-use-in-uk-homes/,CoolIn projection
Homes using air conditioning in England by summer 2027,2027 at twice that pace,1.68,million homes,"Measured in 2023-24, and two projections for July 2027, millions of homes",England,Jones,https://www.edrc.ac.uk/publications/socio-technical-drivers-of-air-conditioning-adoption-and-use-in-uk-homes/,CoolIn projection
"Mean summer temperature, June to August",England NW and North Wales,14.07,°C,1884,England NW and North Wales,Met Office HadUK-Grid,https://www.metoffice.gov.uk/pub/data/weather/uk/climate/datasets/Tmean/date/England_NW_and_N_Wales.txt,
"Mean summer temperature, June to August",England NW and North Wales,12.70,°C,1885,England NW and North Wales,Met Office HadUK-Grid,https://www.metoffice.gov.uk/pub/data/weather/uk/climate/datasets/Tmean/date/England_NW_and_N_Wales.txt,
"Mean summer temperature, June to August",England NW and North Wales,13.18,°C,1886,England NW and North Wales,Met Office HadUK-Grid,https://www.metoffice.gov.uk/pub/data/weather/uk/climate/datasets/Tmean/date/England_NW_and_N_Wales.txt,
"Mean summer temperature, June to August",England NW and North Wales,14.32,°C,1887,England NW and North Wales,Met Office HadUK-Grid,https://www.metoffice.gov.uk/pub/data/weather/uk/climate/datasets/Tmean/date/England_NW_and_N_Wales.txt,
"Mean summer temperature, June to August",England NW and North Wales,12.14,°C,1888,England NW and North Wales,Met Office HadUK-Grid,https://www.metoffice.gov.uk/pub/data/weather/uk/climate/datasets/Tmean/date/England_NW_and_N_Wales.txt,
"Mean summer temperature, June to August",England NW and North Wales,13.42,°C,1889,England NW and North Wales,Met Office HadUK-Grid,https://www.metoffice.gov.uk/pub/data/weather/uk/climate/datasets/Tmean/date/England_NW_and_N_Wales.txt,
"Mean summer temperature, June to August",England NW and North Wales,12.52,°C,1890,England NW and North Wales,Met Office HadUK-Grid,https://www.metoffice.gov.uk/pub/data/weather/uk/climate/datasets/Tmean/date/England_NW_and_N_Wales.txt,
"Mean summer temperature, June to August",England NW and North Wales,13.10,°C,1891,England NW and North Wales,Met Office HadUK-Grid,https://www.metoffice.gov.uk/pub/data/weather/uk/climate/datasets/Tmean/date/England_NW_and_N_Wales.txt,
"Mean summer temperature, June to August",England NW and North Wales,12.60,°C,1892,England NW and North Wales,Met Office HadUK-Grid,https://www.metoffice.gov.uk/pub/data/weather/uk/climate/datasets/Tmean/date/England_NW_and_N_Wales.txt,
"Mean summer temperature, June to August",England NW and North Wales,14.85,°C,1893,England NW and North Wales,Met Office HadUK-Grid,https://www.metoffice.gov.uk/pub/data/weather/uk/climate/datasets/Tmean/date/England_NW_and_N_Wales.txt,
"Mean summer temperature, June to August",England NW and North Wales,13.13,°C,1894,England NW and North Wales,Met Office HadUK-Grid,https://www.metoffice.gov.uk/pub/data/weather/uk/climate/datasets/Tmean/date/England_NW_and_N_Wales.txt,
"Mean summer temperature, June to August",England NW and North Wales,13.44,°C,1895,England NW and North Wales,Met Office HadUK-Grid,https://www.metoffice.gov.uk/pub/data/weather/uk/climate/datasets/Tmean/date/England_NW_and_N_Wales.txt,
"Mean summer temperature, June to August",England NW and North Wales,13.88,°C,1896,England NW and North Wales,Met Office HadUK-Grid,https://www.metoffice.gov.uk/pub/data/weather/uk/climate/datasets/Tmean/date/England_NW_and_N_Wales.txt,
"Mean summer temperature, June to August",England NW and North Wales,14.33,°C,1897,England NW and North Wales,Met Office HadUK-Grid,https://www.metoffice.gov.uk/pub/data/weather/uk/climate/datasets/Tmean/date/England_NW_and_N_Wales.txt,
"Mean summer temperature, June to August",England NW and North Wales,13.48,°C,1898,England NW and North Wales,Met Office HadUK-Grid,https://www.metoffice.gov.uk/pub/data/weather/uk/climate/datasets/Tmean/date/England_NW_and_N_Wales.txt,
"Mean summer temperature, June to August",England NW and North Wales,15.08,°C,1899,England NW and North Wales,Met Office HadUK-Grid,https://www.metoffice.gov.uk/pub/data/weather/uk/climate/datasets/Tmean/date/England_NW_and_N_Wales.txt,
"Mean summer temperature, June to August",England NW and North Wales,14.17,°C,1900,England NW and North Wales,Met Office HadUK-Grid,https://www.metoffice.gov.uk/pub/data/weather/uk/climate/datasets/Tmean/date/England_NW_and_N_Wales.txt,
"Mean summer temperature, June to August",England NW and North Wales,14.31,°C,1901,England NW and North Wales,Met Office HadUK-Grid,https://www.metoffice.gov.uk/pub/data/weather/uk/climate/datasets/Tmean/date/England_NW_and_N_Wales.txt,
"Mean summer temperature, June to August",England NW and North Wales,12.61,°C,1902,England NW and North Wales,Met Office HadUK-Grid,https://www.metoffice.gov.uk/pub/data/weather/uk/climate/datasets/Tmean/date/England_NW_and_N_Wales.txt,
"Mean summer temperature, June to August",England NW and North Wales,12.69,°C,1903,England NW and North Wales,Met Office HadUK-Grid,https://www.metoffice.gov.uk/pub/data/weather/uk/climate/datasets/Tmean/date/England_NW_and_N_Wales.txt,
"Mean summer temperature, June to August",England NW and North Wales,13.58,°C,1904,England NW and North Wales,Met Office HadUK-Grid,https://www.metoffice.gov.uk/pub/data/weather/uk/climate/datasets/Tmean/date/England_NW_and_N_Wales.txt,
"Mean summer temperature, June to August",England NW and North Wales,13.96,°C,1905,England NW and North Wales,Met Office HadUK-Grid,https://www.metoffice.gov.uk/pub/data/weather/uk/climate/datasets/Tmean/date/England_NW_and_N_Wales.txt,
"Mean summer temperature, June to August",England NW and North Wales,14.12,°C,1906,England NW and North Wales,Met Office HadUK-Grid,https://www.metoffice.gov.uk/pub/data/weather/uk/climate/datasets/Tmean/date/England_NW_and_N_Wales.txt,
"Mean summer temperature, June to August",England NW and North Wales,12.38,°C,1907,England NW and North Wales,Met Office HadUK-Grid,https://www.metoffice.gov.uk/pub/data/weather/uk/climate/datasets/Tmean/date/England_NW_and_N_Wales.txt,
"Mean summer temperature, June to August",England NW and North Wales,13.46,°C,1908,England NW and North Wales,Met Office HadUK-Grid,https://www.metoffice.gov.uk/pub/data/weather/uk/climate/datasets/Tmean/date/England_NW_and_N_Wales.txt,
"Mean summer temperature, June to August",England NW and North Wales,12.69,°C,1909,England NW and North Wales,Met Office HadUK-Grid,https://www.metoffice.gov.uk/pub/data/weather/uk/climate/datasets/Tmean/date/England_NW_and_N_Wales.txt,
"Mean summer temperature, June to August",England NW and North Wales,13.48,°C,1910,England NW and North Wales,Met Office HadUK-Grid,https://www.metoffice.gov.uk/pub/data/weather/uk/climate/datasets/Tmean/date/England_NW_and_N_Wales.txt,
"Mean summer temperature, June to August",England NW and North Wales,15.23,°C,1911,England NW and North Wales,Met Office HadUK-Grid,https://www.metoffice.gov.uk/pub/data/weather/uk/climate/datasets/Tmean/date/England_NW_and_N_Wales.txt,
"Mean summer temperature, June to August",England NW and North Wales,12.93,°C,1912,England NW and North Wales,Met Office HadUK-Grid,https://www.metoffice.gov.uk/pub/data/weather/uk/climate/datasets/Tmean/date/England_NW_and_N_Wales.txt,
"Mean summer temperature, June to August",England NW and North Wales,13.42,°C,1913,England NW and North Wales,Met Office HadUK-Grid,https://www.metoffice.gov.uk/pub/data/weather/uk/climate/datasets/Tmean/date/England_NW_and_N_Wales.txt,
"Mean summer temperature, June to August",England NW and North Wales,14.20,°C,1914,England NW and North Wales,Met Office HadUK-Grid,https://www.metoffice.gov.uk/pub/data/weather/uk/climate/datasets/Tmean/date/England_NW_and_N_Wales.txt,
"Mean summer temperature, June to August",England NW and North Wales,13.39,°C,1915,England NW and North Wales,Met Office HadUK-Grid,https://www.metoffice.gov.uk/pub/data/weather/uk/climate/datasets/Tmean/date/England_NW_and_N_Wales.txt,
"Mean summer temperature, June to August",England NW and North Wales,13.26,°C,1916,England NW and North Wales,Met Office HadUK-Grid,https://www.metoffice.gov.uk/pub/data/weather/uk/climate/datasets/Tmean/date/England_NW_and_N_Wales.txt,
"Mean summer temperature, June to August",England NW and North Wales,14.06,°C,1917,England NW and North Wales,Met Office HadUK-Grid,https://www.metoffice.gov.uk/pub/data/weather/uk/climate/datasets/Tmean/date/England_NW_and_N_Wales.txt,
"Mean summer temperature, June to August",England NW and North Wales,13.46,°C,1918,England NW and North Wales,Met Office HadUK-Grid,https://www.metoffice.gov.uk/pub/data/weather/uk/climate/datasets/Tmean/date/England_NW_and_N_Wales.txt,
"Mean summer temperature, June to August",England NW and North Wales,13.08,°C,1919,England NW and North Wales,Met Office HadUK-Grid,https://www.metoffice.gov.uk/pub/data/weather/uk/climate/datasets/Tmean/date/England_NW_and_N_Wales.txt,
"Mean summer temperature, June to August",England NW and North Wales,12.76,°C,1920,England NW and North Wales,Met Office HadUK-Grid,https://www.metoffice.gov.uk/pub/data/weather/uk/climate/datasets/Tmean/date/England_NW_and_N_Wales.txt,
"Mean summer temperature, June to August",England NW and North Wales,14.37,°C,1921,England NW and North Wales,Met Office HadUK-Grid,https://www.metoffice.gov.uk/pub/data/weather/uk/climate/datasets/Tmean/date/England_NW_and_N_Wales.txt,
"Mean summer temperature, June to August",England NW and North Wales,12.10,°C,1922,England NW and North Wales,Met Office HadUK-Grid,https://www.metoffice.gov.uk/pub/data/weather/uk/climate/datasets/Tmean/date/England_NW_and_N_Wales.txt,
"Mean summer temperature, June to August",England NW and North Wales,13.46,°C,1923,England NW and North Wales,Met Office HadUK-Grid,https://www.metoffice.gov.uk/pub/data/weather/uk/climate/datasets/Tmean/date/England_NW_and_N_Wales.txt,
"Mean summer temperature, June to August",England NW and North Wales,13.01,°C,1924,England NW and North Wales,Met Office HadUK-Grid,https://www.metoffice.gov.uk/pub/data/weather/uk/climate/datasets/Tmean/date/England_NW_and_N_Wales.txt,
"Mean summer temperature, June to August",England NW and North Wales,14.48,°C,1925,England NW and North Wales,Met Office HadUK-Grid,https://www.metoffice.gov.uk/pub/data/weather/uk/climate/datasets/Tmean/date/England_NW_and_N_Wales.txt,
"Mean summer temperature, June to August",England NW and North Wales,14.35,°C,1926,England NW and North Wales,Met Office HadUK-Grid,https://www.metoffice.gov.uk/pub/data/weather/uk/climate/datasets/Tmean/date/England_NW_and_N_Wales.txt,
"Mean summer temperature, June to August",England NW and North Wales,13.32,°C,1927,England NW and North Wales,Met Office HadUK-Grid,https://www.metoffice.gov.uk/pub/data/weather/uk/climate/datasets/Tmean/date/England_NW_and_N_Wales.txt,
"Mean summer temperature, June to August",England NW and North Wales,13.05,°C,1928,England NW and North Wales,Met Office HadUK-Grid,https://www.metoffice.gov.uk/pub/data/weather/uk/climate/datasets/Tmean/date/England_NW_and_N_Wales.txt,
"Mean summer temperature, June to August",England NW and North Wales,13.30,°C,1929,England NW and North Wales,Met Office HadUK-Grid,https://www.metoffice.gov.uk/pub/data/weather/uk/climate/datasets/Tmean/date/England_NW_and_N_Wales.txt,
"Mean summer temperature, June to August",England NW and North Wales,13.84,°C,1930,England NW and North Wales,Met Office HadUK-Grid,https://www.metoffice.gov.uk/pub/data/weather/uk/climate/datasets/Tmean/date/England_NW_and_N_Wales.txt,
"Mean summer temperature, June to August",England NW and North Wales,13.21,°C,1931,England NW and North Wales,Met Office HadUK-Grid,https://www.metoffice.gov.uk/pub/data/weather/uk/climate/datasets/Tmean/date/England_NW_and_N_Wales.txt,
"Mean summer temperature, June to August",England NW and North Wales,14.34,°C,1932,England NW and North Wales,Met Office HadUK-Grid,https://www.metoffice.gov.uk/pub/data/weather/uk/climate/datasets/Tmean/date/England_NW_and_N_Wales.txt,
"Mean summer temperature, June to August",England NW and North Wales,15.37,°C,1933,England NW and North Wales,Met Office HadUK-Grid,https://www.metoffice.gov.uk/pub/data/weather/uk/climate/datasets/Tmean/date/England_NW_and_N_Wales.txt,
"Mean summer temperature, June to August",England NW and North Wales,14.57,°C,1934,England NW and North Wales,Met Office HadUK-Grid,https://www.metoffice.gov.uk/pub/data/weather/uk/climate/datasets/Tmean/date/England_NW_and_N_Wales.txt,
"Mean summer temperature, June to August",England NW and North Wales,14.56,°C,1935,England NW and North Wales,Met Office HadUK-Grid,https://www.metoffice.gov.uk/pub/data/weather/uk/climate/datasets/Tmean/date/England_NW_and_N_Wales.txt,
"Mean summer temperature, June to August",England NW and North Wales,13.93,°C,1936,England NW and North Wales,Met Office HadUK-Grid,https://www.metoffice.gov.uk/pub/data/weather/uk/climate/datasets/Tmean/date/England_NW_and_N_Wales.txt,
"Mean summer temperature, June to August",England NW and North Wales,14.08,°C,1937,England NW and North Wales,Met Office HadUK-Grid,https://www.metoffice.gov.uk/pub/data/weather/uk/climate/datasets/Tmean/date/England_NW_and_N_Wales.txt,
"Mean summer temperature, June to August",England NW and North Wales,13.35,°C,1938,England NW and North Wales,Met Office HadUK-Grid,https://www.metoffice.gov.uk/pub/data/weather/uk/climate/datasets/Tmean/date/England_NW_and_N_Wales.txt,
"Mean summer temperature, June to August",England NW and North Wales,14.01,°C,1939,England NW and North Wales,Met Office HadUK-Grid,https://www.metoffice.gov.uk/pub/data/weather/uk/climate/datasets/Tmean/date/England_NW_and_N_Wales.txt,
"Mean summer temperature, June to August",England NW and North Wales,14.11,°C,1940,England NW and North Wales,Met Office HadUK-Grid,https://www.metoffice.gov.uk/pub/data/weather/uk/climate/datasets/Tmean/date/England_NW_and_N_Wales.txt,
"Mean summer temperature, June to August",England NW and North Wales,14.09,°C,1941,England NW and North Wales,Met Office HadUK-Grid,https://www.metoffice.gov.uk/pub/data/weather/uk/climate/datasets/Tmean/date/England_NW_and_N_Wales.txt,
"Mean summer temperature, June to August",England NW and North Wales,13.84,°C,1942,England NW and North Wales,Met Office HadUK-Grid,https://www.metoffice.gov.uk/pub/data/weather/uk/climate/datasets/Tmean/date/England_NW_and_N_Wales.txt,
"Mean summer temperature, June to August",England NW and North Wales,13.89,°C,1943,England NW and North Wales,Met Office HadUK-Grid,https://www.metoffice.gov.uk/pub/data/weather/uk/climate/datasets/Tmean/date/England_NW_and_N_Wales.txt,
"Mean summer temperature, June to August",England NW and North Wales,14.04,°C,1944,England NW and North Wales,Met Office HadUK-Grid,https://www.metoffice.gov.uk/pub/data/weather/uk/climate/datasets/Tmean/date/England_NW_and_N_Wales.txt,
"Mean summer temperature, June to August",England NW and North Wales,14.21,°C,1945,England NW and North Wales,Met Office HadUK-Grid,https://www.metoffice.gov.uk/pub/data/weather/uk/climate/datasets/Tmean/date/England_NW_and_N_Wales.txt,
"Mean summer temperature, June to August",England NW and North Wales,12.91,°C,1946,England NW and North Wales,Met Office HadUK-Grid,https://www.metoffice.gov.uk/pub/data/weather/uk/climate/datasets/Tmean/date/England_NW_and_N_Wales.txt,
"Mean summer temperature, June to August",England NW and North Wales,15.21,°C,1947,England NW and North Wales,Met Office HadUK-Grid,https://www.metoffice.gov.uk/pub/data/weather/uk/climate/datasets/Tmean/date/England_NW_and_N_Wales.txt,
"Mean summer temperature, June to August",England NW and North Wales,13.32,°C,1948,England NW and North Wales,Met Office HadUK-Grid,https://www.metoffice.gov.uk/pub/data/weather/uk/climate/datasets/Tmean/date/England_NW_and_N_Wales.txt,
"Mean summer temperature, June to August",England NW and North Wales,14.91,°C,1949,England NW and North Wales,Met Office HadUK-Grid,https://www.metoffice.gov.uk/pub/data/weather/uk/climate/datasets/Tmean/date/England_NW_and_N_Wales.txt,
"Mean summer temperature, June to August",England NW and North Wales,14.34,°C,1950,England NW and North Wales,Met Office HadUK-Grid,https://www.metoffice.gov.uk/pub/data/weather/uk/climate/datasets/Tmean/date/England_NW_and_N_Wales.txt,
"Mean summer temperature, June to August",England NW and North Wales,13.56,°C,1951,England NW and North Wales,Met Office HadUK-Grid,https://www.metoffice.gov.uk/pub/data/weather/uk/climate/datasets/Tmean/date/England_NW_and_N_Wales.txt,
"Mean summer temperature, June to August",England NW and North Wales,13.99,°C,1952,England NW and North Wales,Met Office HadUK-Grid,https://www.metoffice.gov.uk/pub/data/weather/uk/climate/datasets/Tmean/date/England_NW_and_N_Wales.txt,
"Mean summer temperature, June to August",England NW and North Wales,14.04,°C,1953,England NW and North Wales,Met Office HadUK-Grid,https://www.metoffice.gov.uk/pub/data/weather/uk/climate/datasets/Tmean/date/England_NW_and_N_Wales.txt,
"Mean summer temperature, June to August",England NW and North Wales,12.65,°C,1954,England NW and North Wales,Met Office HadUK-Grid,https://www.metoffice.gov.uk/pub/data/weather/uk/climate/datasets/Tmean/date/England_NW_and_N_Wales.txt,
"Mean summer temperature, June to August",England NW and North Wales,15.08,°C,1955,England NW and North Wales,Met Office HadUK-Grid,https://www.metoffice.gov.uk/pub/data/weather/uk/climate/datasets/Tmean/date/England_NW_and_N_Wales.txt,
"Mean summer temperature, June to August",England NW and North Wales,12.74,°C,1956,England NW and North Wales,Met Office HadUK-Grid,https://www.metoffice.gov.uk/pub/data/weather/uk/climate/datasets/Tmean/date/England_NW_and_N_Wales.txt,
"Mean summer temperature, June to August",England NW and North Wales,14.15,°C,1957,England NW and North Wales,Met Office HadUK-Grid,https://www.metoffice.gov.uk/pub/data/weather/uk/climate/datasets/Tmean/date/England_NW_and_N_Wales.txt,
"Mean summer temperature, June to August",England NW and North Wales,13.75,°C,1958,England NW and North Wales,Met Office HadUK-Grid,https://www.metoffice.gov.uk/pub/data/weather/uk/climate/datasets/Tmean/date/England_NW_and_N_Wales.txt,
"Mean summer temperature, June to August",England NW and North Wales,14.79,°C,1959,England NW and North Wales,Met Office HadUK-Grid,https://www.metoffice.gov.uk/pub/data/weather/uk/climate/datasets/Tmean/date/England_NW_and_N_Wales.txt,
"Mean summer temperature, June to August",England NW and North Wales,13.95,°C,1960,England NW and North Wales,Met Office HadUK-Grid,https://www.metoffice.gov.uk/pub/data/weather/uk/climate/datasets/Tmean/date/England_NW_and_N_Wales.txt,
"Mean summer temperature, June to August",England NW and North Wales,13.18,°C,1961,England NW and North Wales,Met Office HadUK-Grid,https://www.metoffice.gov.uk/pub/data/weather/uk/climate/datasets/Tmean/date/England_NW_and_N_Wales.txt,
"Mean summer temperature, June to August",England NW and North Wales,12.80,°C,1962,England NW and North Wales,Met Office HadUK-Grid,https://www.metoffice.gov.uk/pub/data/weather/uk/climate/datasets/Tmean/date/England_NW_and_N_Wales.txt,
"Mean summer temperature, June to August",England NW and North Wales,13.38,°C,1963,England NW and North Wales,Met Office HadUK-Grid,https://www.metoffice.gov.uk/pub/data/weather/uk/climate/datasets/Tmean/date/England_NW_and_N_Wales.txt,
"Mean summer temperature, June to August",England NW and North Wales,13.38,°C,1964,England NW and North Wales,Met Office HadUK-Grid,https://www.metoffice.gov.uk/pub/data/weather/uk/climate/datasets/Tmean/date/England_NW_and_N_Wales.txt,
"Mean summer temperature, June to August",England NW and North Wales,13.05,°C,1965,England NW and North Wales,Met Office HadUK-Grid,https://www.metoffice.gov.uk/pub/data/weather/uk/climate/datasets/Tmean/date/England_NW_and_N_Wales.txt,
"Mean summer temperature, June to August",England NW and North Wales,13.52,°C,1966,England NW and North Wales,Met Office HadUK-Grid,https://www.metoffice.gov.uk/pub/data/weather/uk/climate/datasets/Tmean/date/England_NW_and_N_Wales.txt,
"Mean summer temperature, June to August",England NW and North Wales,13.89,°C,1967,England NW and North Wales,Met Office HadUK-Grid,https://www.metoffice.gov.uk/pub/data/weather/uk/climate/datasets/Tmean/date/England_NW_and_N_Wales.txt,
"Mean summer temperature, June to August",England NW and North Wales,13.76,°C,1968,England NW and North Wales,Met Office HadUK-Grid,https://www.metoffice.gov.uk/pub/data/weather/uk/climate/datasets/Tmean/date/England_NW_and_N_Wales.txt,
"Mean summer temperature, June to August",England NW and North Wales,14.15,°C,1969,England NW and North Wales,Met Office HadUK-Grid,https://www.metoffice.gov.uk/pub/data/weather/uk/climate/datasets/Tmean/date/England_NW_and_N_Wales.txt,
"Mean summer temperature, June to August",England NW and North Wales,14.42,°C,1970,England NW and North Wales,Met Office HadUK-Grid,https://www.metoffice.gov.uk/pub/data/weather/uk/climate/datasets/Tmean/date/England_NW_and_N_Wales.txt,
"Mean summer temperature, June to August",England NW and North Wales,13.54,°C,1971,England NW and North Wales,Met Office HadUK-Grid,https://www.metoffice.gov.uk/pub/data/weather/uk/climate/datasets/Tmean/date/England_NW_and_N_Wales.txt,
"Mean summer temperature, June to August",England NW and North Wales,12.68,°C,1972,England NW and North Wales,Met Office HadUK-Grid,https://www.metoffice.gov.uk/pub/data/weather/uk/climate/datasets/Tmean/date/England_NW_and_N_Wales.txt,
"Mean summer temperature, June to August",England NW and North Wales,14.17,°C,1973,England NW and North Wales,Met Office HadUK-Grid,https://www.metoffice.gov.uk/pub/data/weather/uk/climate/datasets/Tmean/date/England_NW_and_N_Wales.txt,
"Mean summer temperature, June to August",England NW and North Wales,13.12,°C,1974,England NW and North Wales,Met Office HadUK-Grid,https://www.metoffice.gov.uk/pub/data/weather/uk/climate/datasets/Tmean/date/England_NW_and_N_Wales.txt,
"Mean summer temperature, June to August",England NW and North Wales,15.17,°C,1975,England NW and North Wales,Met Office HadUK-Grid,https://www.metoffice.gov.uk/pub/data/weather/uk/climate/datasets/Tmean/date/England_NW_and_N_Wales.txt,
"Mean summer temperature, June to August",England NW and North Wales,15.71,°C,1976,England NW and North Wales,Met Office HadUK-Grid,https://www.metoffice.gov.uk/pub/data/weather/uk/climate/datasets/Tmean/date/England_NW_and_N_Wales.txt,
"Mean summer temperature, June to August",England NW and North Wales,13.37,°C,1977,England NW and North Wales,Met Office HadUK-Grid,https://www.metoffice.gov.uk/pub/data/weather/uk/climate/datasets/Tmean/date/England_NW_and_N_Wales.txt,
"Mean summer temperature, June to August",England NW and North Wales,13.02,°C,1978,England NW and North Wales,Met Office HadUK-Grid,https://www.metoffice.gov.uk/pub/data/weather/uk/climate/datasets/Tmean/date/England_NW_and_N_Wales.txt,
"Mean summer temperature, June to August",England NW and North Wales,13.47,°C,1979,England NW and North Wales,Met Office HadUK-Grid,https://www.metoffice.gov.uk/pub/data/weather/uk/climate/datasets/Tmean/date/England_NW_and_N_Wales.txt,
"Mean summer temperature, June to August",England NW and North Wales,13.37,°C,1980,England NW and North Wales,Met Office HadUK-Grid,https://www.metoffice.gov.uk/pub/data/weather/uk/climate/datasets/Tmean/date/England_NW_and_N_Wales.txt,
"Mean summer temperature, June to August",England NW and North Wales,13.50,°C,1981,England NW and North Wales,Met Office HadUK-Grid,https://www.metoffice.gov.uk/pub/data/weather/uk/climate/datasets/Tmean/date/England_NW_and_N_Wales.txt,
"Mean summer temperature, June to August",England NW and North Wales,14.32,°C,1982,England NW and North Wales,Met Office HadUK-Grid,https://www.metoffice.gov.uk/pub/data/weather/uk/climate/datasets/Tmean/date/England_NW_and_N_Wales.txt,
"Mean summer temperature, June to August",England NW and North Wales,15.29,°C,1983,England NW and North Wales,Met Office HadUK-Grid,https://www.metoffice.gov.uk/pub/data/weather/uk/climate/datasets/Tmean/date/England_NW_and_N_Wales.txt,
"Mean summer temperature, June to August",England NW and North Wales,14.77,°C,1984,England NW and North Wales,Met Office HadUK-Grid,https://www.metoffice.gov.uk/pub/data/weather/uk/climate/datasets/Tmean/date/England_NW_and_N_Wales.txt,
"Mean summer temperature, June to August",England NW and North Wales,13.05,°C,1985,England NW and North Wales,Met Office HadUK-Grid,https://www.metoffice.gov.uk/pub/data/weather/uk/climate/datasets/Tmean/date/England_NW_and_N_Wales.txt,
"Mean summer temperature, June to August",England NW and North Wales,13.21,°C,1986,England NW and North Wales,Met Office HadUK-Grid,https://www.metoffice.gov.uk/pub/data/weather/uk/climate/datasets/Tmean/date/England_NW_and_N_Wales.txt,
"Mean summer temperature, June to August",England NW and North Wales,13.34,°C,1987,England NW and North Wales,Met Office HadUK-Grid,https://www.metoffice.gov.uk/pub/data/weather/uk/climate/datasets/Tmean/date/England_NW_and_N_Wales.txt,
"Mean summer temperature, June to August",England NW and North Wales,13.59,°C,1988,England NW and North Wales,Met Office HadUK-Grid,https://www.metoffice.gov.uk/pub/data/weather/uk/climate/datasets/Tmean/date/England_NW_and_N_Wales.txt,
"Mean summer temperature, June to August",England NW and North Wales,14.75,°C,1989,England NW and North Wales,Met Office HadUK-Grid,https://www.metoffice.gov.uk/pub/data/weather/uk/climate/datasets/Tmean/date/England_NW_and_N_Wales.txt,
"Mean summer temperature, June to August",England NW and North Wales,14.67,°C,1990,England NW and North Wales,Met Office HadUK-Grid,https://www.metoffice.gov.uk/pub/data/weather/uk/climate/datasets/Tmean/date/England_NW_and_N_Wales.txt,
"Mean summer temperature, June to August",England NW and North Wales,14.17,°C,1991,England NW and North Wales,Met Office HadUK-Grid,https://www.metoffice.gov.uk/pub/data/weather/uk/climate/datasets/Tmean/date/England_NW_and_N_Wales.txt,
"Mean summer temperature, June to August",England NW and North Wales,14.24,°C,1992,England NW and North Wales,Met Office HadUK-Grid,https://www.metoffice.gov.uk/pub/data/weather/uk/climate/datasets/Tmean/date/England_NW_and_N_Wales.txt,
"Mean summer temperature, June to August",England NW and North Wales,13.37,°C,1993,England NW and North Wales,Met Office HadUK-Grid,https://www.metoffice.gov.uk/pub/data/weather/uk/climate/datasets/Tmean/date/England_NW_and_N_Wales.txt,
"Mean summer temperature, June to August",England NW and North Wales,14.12,°C,1994,England NW and North Wales,Met Office HadUK-Grid,https://www.metoffice.gov.uk/pub/data/weather/uk/climate/datasets/Tmean/date/England_NW_and_N_Wales.txt,
"Mean summer temperature, June to August",England NW and North Wales,15.84,°C,1995,England NW and North Wales,Met Office HadUK-Grid,https://www.metoffice.gov.uk/pub/data/weather/uk/climate/datasets/Tmean/date/England_NW_and_N_Wales.txt,
"Mean summer temperature, June to August",England NW and North Wales,14.17,°C,1996,England NW and North Wales,Met Office HadUK-Grid,https://www.metoffice.gov.uk/pub/data/weather/uk/climate/datasets/Tmean/date/England_NW_and_N_Wales.txt,
"Mean summer temperature, June to August",England NW and North Wales,15.07,°C,1997,England NW and North Wales,Met Office HadUK-Grid,https://www.metoffice.gov.uk/pub/data/weather/uk/climate/datasets/Tmean/date/England_NW_and_N_Wales.txt,
"Mean summer temperature, June to August",England NW and North Wales,13.77,°C,1998,England NW and North Wales,Met Office HadUK-Grid,https://www.metoffice.gov.uk/pub/data/weather/uk/climate/datasets/Tmean/date/England_NW_and_N_Wales.txt,
"Mean summer temperature, June to August",England NW and North Wales,14.50,°C,1999,England NW and North Wales,Met Office HadUK-Grid,https://www.metoffice.gov.uk/pub/data/weather/uk/climate/datasets/Tmean/date/England_NW_and_N_Wales.txt,
"Mean summer temperature, June to August",England NW and North Wales,14.19,°C,2000,England NW and North Wales,Met Office HadUK-Grid,https://www.metoffice.gov.uk/pub/data/weather/uk/climate/datasets/Tmean/date/England_NW_and_N_Wales.txt,
"Mean summer temperature, June to August",England NW and North Wales,14.37,°C,2001,England NW and North Wales,Met Office HadUK-Grid,https://www.metoffice.gov.uk/pub/data/weather/uk/climate/datasets/Tmean/date/England_NW_and_N_Wales.txt,
"Mean summer temperature, June to August",England NW and North Wales,14.16,°C,2002,England NW and North Wales,Met Office HadUK-Grid,https://www.metoffice.gov.uk/pub/data/weather/uk/climate/datasets/Tmean/date/England_NW_and_N_Wales.txt,
"Mean summer temperature, June to August",England NW and North Wales,15.61,°C,2003,England NW and North Wales,Met Office HadUK-Grid,https://www.metoffice.gov.uk/pub/data/weather/uk/climate/datasets/Tmean/date/England_NW_and_N_Wales.txt,
"Mean summer temperature, June to August",England NW and North Wales,14.75,°C,2004,England NW and North Wales,Met Office HadUK-Grid,https://www.metoffice.gov.uk/pub/data/weather/uk/climate/datasets/Tmean/date/England_NW_and_N_Wales.txt,
"Mean summer temperature, June to August",England NW and North Wales,14.75,°C,2005,England NW and North Wales,Met Office HadUK-Grid,https://www.metoffice.gov.uk/pub/data/weather/uk/climate/datasets/Tmean/date/England_NW_and_N_Wales.txt,
"Mean summer temperature, June to August",England NW and North Wales,15.75,°C,2006,England NW and North Wales,Met Office HadUK-Grid,https://www.metoffice.gov.uk/pub/data/weather/uk/climate/datasets/Tmean/date/England_NW_and_N_Wales.txt,
"Mean summer temperature, June to August",England NW and North Wales,14.13,°C,2007,England NW and North Wales,Met Office HadUK-Grid,https://www.metoffice.gov.uk/pub/data/weather/uk/climate/datasets/Tmean/date/England_NW_and_N_Wales.txt,
"Mean summer temperature, June to August",England NW and North Wales,14.32,°C,2008,England NW and North Wales,Met Office HadUK-Grid,https://www.metoffice.gov.uk/pub/data/weather/uk/climate/datasets/Tmean/date/England_NW_and_N_Wales.txt,
"Mean summer temperature, June to August",England NW and North Wales,14.65,°C,2009,England NW and North Wales,Met Office HadUK-Grid,https://www.metoffice.gov.uk/pub/data/weather/uk/climate/datasets/Tmean/date/England_NW_and_N_Wales.txt,
"Mean summer temperature, June to August",England NW and North Wales,14.45,°C,2010,England NW and North Wales,Met Office HadUK-Grid,https://www.metoffice.gov.uk/pub/data/weather/uk/climate/datasets/Tmean/date/England_NW_and_N_Wales.txt,
"Mean summer temperature, June to August",England NW and North Wales,13.55,°C,2011,England NW and North Wales,Met Office HadUK-Grid,https://www.metoffice.gov.uk/pub/data/weather/uk/climate/datasets/Tmean/date/England_NW_and_N_Wales.txt,
"Mean summer temperature, June to August",England NW and North Wales,13.94,°C,2012,England NW and North Wales,Met Office HadUK-Grid,https://www.metoffice.gov.uk/pub/data/weather/uk/climate/datasets/Tmean/date/England_NW_and_N_Wales.txt,
"Mean summer temperature, June to August",England NW and North Wales,15.09,°C,2013,England NW and North Wales,Met Office HadUK-Grid,https://www.metoffice.gov.uk/pub/data/weather/uk/climate/datasets/Tmean/date/England_NW_and_N_Wales.txt,
"Mean summer temperature, June to August",England NW and North Wales,14.66,°C,2014,England NW and North Wales,Met Office HadUK-Grid,https://www.metoffice.gov.uk/pub/data/weather/uk/climate/datasets/Tmean/date/England_NW_and_N_Wales.txt,
"Mean summer temperature, June to August",England NW and North Wales,13.87,°C,2015,England NW and North Wales,Met Office HadUK-Grid,https://www.metoffice.gov.uk/pub/data/weather/uk/climate/datasets/Tmean/date/England_NW_and_N_Wales.txt,
"Mean summer temperature, June to August",England NW and North Wales,15.00,°C,2016,England NW and North Wales,Met Office HadUK-Grid,https://www.metoffice.gov.uk/pub/data/weather/uk/climate/datasets/Tmean/date/England_NW_and_N_Wales.txt,
"Mean summer temperature, June to August",England NW and North Wales,14.63,°C,2017,England NW and North Wales,Met Office HadUK-Grid,https://www.metoffice.gov.uk/pub/data/weather/uk/climate/datasets/Tmean/date/England_NW_and_N_Wales.txt,
"Mean summer temperature, June to August",England NW and North Wales,15.70,°C,2018,England NW and North Wales,Met Office HadUK-Grid,https://www.metoffice.gov.uk/pub/data/weather/uk/climate/datasets/Tmean/date/England_NW_and_N_Wales.txt,
"Mean summer temperature, June to August",England NW and North Wales,15.05,°C,2019,England NW and North Wales,Met Office HadUK-Grid,https://www.metoffice.gov.uk/pub/data/weather/uk/climate/datasets/Tmean/date/England_NW_and_N_Wales.txt,
"Mean summer temperature, June to August",England NW and North Wales,14.67,°C,2020,England NW and North Wales,Met Office HadUK-Grid,https://www.metoffice.gov.uk/pub/data/weather/uk/climate/datasets/Tmean/date/England_NW_and_N_Wales.txt,
"Mean summer temperature, June to August",England NW and North Wales,15.23,°C,2021,England NW and North Wales,Met Office HadUK-Grid,https://www.metoffice.gov.uk/pub/data/weather/uk/climate/datasets/Tmean/date/England_NW_and_N_Wales.txt,
"Mean summer temperature, June to August",England NW and North Wales,15.51,°C,2022,England NW and North Wales,Met Office HadUK-Grid,https://www.metoffice.gov.uk/pub/data/weather/uk/climate/datasets/Tmean/date/England_NW_and_N_Wales.txt,
"Mean summer temperature, June to August",England NW and North Wales,15.36,°C,2023,England NW and North Wales,Met Office HadUK-Grid,https://www.metoffice.gov.uk/pub/data/weather/uk/climate/datasets/Tmean/date/England_NW_and_N_Wales.txt,
"Mean summer temperature, June to August",England NW and North Wales,14.24,°C,2024,England NW and North Wales,Met Office HadUK-Grid,https://www.metoffice.gov.uk/pub/data/weather/uk/climate/datasets/Tmean/date/England_NW_and_N_Wales.txt,
"Mean summer temperature, June to August",England NW and North Wales,15.93,°C,2025,England NW and North Wales,Met Office HadUK-Grid,https://www.metoffice.gov.uk/pub/data/weather/uk/climate/datasets/Tmean/date/England_NW_and_N_Wales.txt,
"Mean summer temperature, June to August",England NW and North Wales,16.47,°C,2026,England NW and North Wales,Met Office HadUK-Grid,https://www.metoffice.gov.uk/pub/data/weather/uk/climate/datasets/Tmean/date/England_NW_and_N_Wales.txt,
"Mean summer temperature, June to August",United Kingdom,14.11,°C,1884,United Kingdom,Met Office HadUK-Grid,https://www.metoffice.gov.uk/pub/data/weather/uk/climate/datasets/Tmean/date/UK.txt,
"Mean summer temperature, June to August",United Kingdom,13.09,°C,1885,United Kingdom,Met Office HadUK-Grid,https://www.metoffice.gov.uk/pub/data/weather/uk/climate/datasets/Tmean/date/UK.txt,
"Mean summer temperature, June to August",United Kingdom,13.42,°C,1886,United Kingdom,Met Office HadUK-Grid,https://www.metoffice.gov.uk/pub/data/weather/uk/climate/datasets/Tmean/date/UK.txt,
"Mean summer temperature, June to August",United Kingdom,14.62,°C,1887,United Kingdom,Met Office HadUK-Grid,https://www.metoffice.gov.uk/pub/data/weather/uk/climate/datasets/Tmean/date/UK.txt,
"Mean summer temperature, June to August",United Kingdom,12.31,°C,1888,United Kingdom,Met Office HadUK-Grid,https://www.metoffice.gov.uk/pub/data/weather/uk/climate/datasets/Tmean/date/UK.txt,
"Mean summer temperature, June to August",United Kingdom,13.66,°C,1889,United Kingdom,Met Office HadUK-Grid,https://www.metoffice.gov.uk/pub/data/weather/uk/climate/datasets/Tmean/date/UK.txt,
"Mean summer temperature, June to August",United Kingdom,12.82,°C,1890,United Kingdom,Met Office HadUK-Grid,https://www.metoffice.gov.uk/pub/data/weather/uk/climate/datasets/Tmean/date/UK.txt,
"Mean summer temperature, June to August",United Kingdom,13.31,°C,1891,United Kingdom,Met Office HadUK-Grid,https://www.metoffice.gov.uk/pub/data/weather/uk/climate/datasets/Tmean/date/UK.txt,
"Mean summer temperature, June to August",United Kingdom,12.73,°C,1892,United Kingdom,Met Office HadUK-Grid,https://www.metoffice.gov.uk/pub/data/weather/uk/climate/datasets/Tmean/date/UK.txt,
"Mean summer temperature, June to August",United Kingdom,14.88,°C,1893,United Kingdom,Met Office HadUK-Grid,https://www.metoffice.gov.uk/pub/data/weather/uk/climate/datasets/Tmean/date/UK.txt,
"Mean summer temperature, June to August",United Kingdom,13.35,°C,1894,United Kingdom,Met Office HadUK-Grid,https://www.metoffice.gov.uk/pub/data/weather/uk/climate/datasets/Tmean/date/UK.txt,
"Mean summer temperature, June to August",United Kingdom,13.73,°C,1895,United Kingdom,Met Office HadUK-Grid,https://www.metoffice.gov.uk/pub/data/weather/uk/climate/datasets/Tmean/date/UK.txt,
"Mean summer temperature, June to August",United Kingdom,13.92,°C,1896,United Kingdom,Met Office HadUK-Grid,https://www.metoffice.gov.uk/pub/data/weather/uk/climate/datasets/Tmean/date/UK.txt,
"Mean summer temperature, June to August",United Kingdom,14.39,°C,1897,United Kingdom,Met Office HadUK-Grid,https://www.metoffice.gov.uk/pub/data/weather/uk/climate/datasets/Tmean/date/UK.txt,
"Mean summer temperature, June to August",United Kingdom,13.65,°C,1898,United Kingdom,Met Office HadUK-Grid,https://www.metoffice.gov.uk/pub/data/weather/uk/climate/datasets/Tmean/date/UK.txt,
"Mean summer temperature, June to August",United Kingdom,15.29,°C,1899,United Kingdom,Met Office HadUK-Grid,https://www.metoffice.gov.uk/pub/data/weather/uk/climate/datasets/Tmean/date/UK.txt,
"Mean summer temperature, June to August",United Kingdom,14.26,°C,1900,United Kingdom,Met Office HadUK-Grid,https://www.metoffice.gov.uk/pub/data/weather/uk/climate/datasets/Tmean/date/UK.txt,
"Mean summer temperature, June to August",United Kingdom,14.37,°C,1901,United Kingdom,Met Office HadUK-Grid,https://www.metoffice.gov.uk/pub/data/weather/uk/climate/datasets/Tmean/date/UK.txt,
"Mean summer temperature, June to August",United Kingdom,12.65,°C,1902,United Kingdom,Met Office HadUK-Grid,https://www.metoffice.gov.uk/pub/data/weather/uk/climate/datasets/Tmean/date/UK.txt,
"Mean summer temperature, June to August",United Kingdom,12.68,°C,1903,United Kingdom,Met Office HadUK-Grid,https://www.metoffice.gov.uk/pub/data/weather/uk/climate/datasets/Tmean/date/UK.txt,
"Mean summer temperature, June to August",United Kingdom,13.67,°C,1904,United Kingdom,Met Office HadUK-Grid,https://www.metoffice.gov.uk/pub/data/weather/uk/climate/datasets/Tmean/date/UK.txt,
"Mean summer temperature, June to August",United Kingdom,14.18,°C,1905,United Kingdom,Met Office HadUK-Grid,https://www.metoffice.gov.uk/pub/data/weather/uk/climate/datasets/Tmean/date/UK.txt,
"Mean summer temperature, June to August",United Kingdom,14.06,°C,1906,United Kingdom,Met Office HadUK-Grid,https://www.metoffice.gov.uk/pub/data/weather/uk/climate/datasets/Tmean/date/UK.txt,
"Mean summer temperature, June to August",United Kingdom,12.32,°C,1907,United Kingdom,Met Office HadUK-Grid,https://www.metoffice.gov.uk/pub/data/weather/uk/climate/datasets/Tmean/date/UK.txt,
"Mean summer temperature, June to August",United Kingdom,13.49,°C,1908,United Kingdom,Met Office HadUK-Grid,https://www.metoffice.gov.uk/pub/data/weather/uk/climate/datasets/Tmean/date/UK.txt,
"Mean summer temperature, June to August",United Kingdom,12.83,°C,1909,United Kingdom,Met Office HadUK-Grid,https://www.metoffice.gov.uk/pub/data/weather/uk/climate/datasets/Tmean/date/UK.txt,
"Mean summer temperature, June to August",United Kingdom,13.39,°C,1910,United Kingdom,Met Office HadUK-Grid,https://www.metoffice.gov.uk/pub/data/weather/uk/climate/datasets/Tmean/date/UK.txt,
"Mean summer temperature, June to August",United Kingdom,15.14,°C,1911,United Kingdom,Met Office HadUK-Grid,https://www.metoffice.gov.uk/pub/data/weather/uk/climate/datasets/Tmean/date/UK.txt,
"Mean summer temperature, June to August",United Kingdom,12.84,°C,1912,United Kingdom,Met Office HadUK-Grid,https://www.metoffice.gov.uk/pub/data/weather/uk/climate/datasets/Tmean/date/UK.txt,
"Mean summer temperature, June to August",United Kingdom,13.40,°C,1913,United Kingdom,Met Office HadUK-Grid,https://www.metoffice.gov.uk/pub/data/weather/uk/climate/datasets/Tmean/date/UK.txt,
"Mean summer temperature, June to August",United Kingdom,14.14,°C,1914,United Kingdom,Met Office HadUK-Grid,https://www.metoffice.gov.uk/pub/data/weather/uk/climate/datasets/Tmean/date/UK.txt,
"Mean summer temperature, June to August",United Kingdom,13.41,°C,1915,United Kingdom,Met Office HadUK-Grid,https://www.metoffice.gov.uk/pub/data/weather/uk/climate/datasets/Tmean/date/UK.txt,
"Mean summer temperature, June to August",United Kingdom,13.18,°C,1916,United Kingdom,Met Office HadUK-Grid,https://www.metoffice.gov.uk/pub/data/weather/uk/climate/datasets/Tmean/date/UK.txt,
"Mean summer temperature, June to August",United Kingdom,14.09,°C,1917,United Kingdom,Met Office HadUK-Grid,https://www.metoffice.gov.uk/pub/data/weather/uk/climate/datasets/Tmean/date/UK.txt,
"Mean summer temperature, June to August",United Kingdom,13.55,°C,1918,United Kingdom,Met Office HadUK-Grid,https://www.metoffice.gov.uk/pub/data/weather/uk/climate/datasets/Tmean/date/UK.txt,
"Mean summer temperature, June to August",United Kingdom,13.23,°C,1919,United Kingdom,Met Office HadUK-Grid,https://www.metoffice.gov.uk/pub/data/weather/uk/climate/datasets/Tmean/date/UK.txt,
"Mean summer temperature, June to August",United Kingdom,12.77,°C,1920,United Kingdom,Met Office HadUK-Grid,https://www.metoffice.gov.uk/pub/data/weather/uk/climate/datasets/Tmean/date/UK.txt,
"Mean summer temperature, June to August",United Kingdom,14.34,°C,1921,United Kingdom,Met Office HadUK-Grid,https://www.metoffice.gov.uk/pub/data/weather/uk/climate/datasets/Tmean/date/UK.txt,
"Mean summer temperature, June to August",United Kingdom,12.23,°C,1922,United Kingdom,Met Office HadUK-Grid,https://www.metoffice.gov.uk/pub/data/weather/uk/climate/datasets/Tmean/date/UK.txt,
"Mean summer temperature, June to August",United Kingdom,13.52,°C,1923,United Kingdom,Met Office HadUK-Grid,https://www.metoffice.gov.uk/pub/data/weather/uk/climate/datasets/Tmean/date/UK.txt,
"Mean summer temperature, June to August",United Kingdom,13.08,°C,1924,United Kingdom,Met Office HadUK-Grid,https://www.metoffice.gov.uk/pub/data/weather/uk/climate/datasets/Tmean/date/UK.txt,
"Mean summer temperature, June to August",United Kingdom,14.33,°C,1925,United Kingdom,Met Office HadUK-Grid,https://www.metoffice.gov.uk/pub/data/weather/uk/climate/datasets/Tmean/date/UK.txt,
"Mean summer temperature, June to August",United Kingdom,14.17,°C,1926,United Kingdom,Met Office HadUK-Grid,https://www.metoffice.gov.uk/pub/data/weather/uk/climate/datasets/Tmean/date/UK.txt,
"Mean summer temperature, June to August",United Kingdom,13.26,°C,1927,United Kingdom,Met Office HadUK-Grid,https://www.metoffice.gov.uk/pub/data/weather/uk/climate/datasets/Tmean/date/UK.txt,
"Mean summer temperature, June to August",United Kingdom,13.18,°C,1928,United Kingdom,Met Office HadUK-Grid,https://www.metoffice.gov.uk/pub/data/weather/uk/climate/datasets/Tmean/date/UK.txt,
"Mean summer temperature, June to August",United Kingdom,13.35,°C,1929,United Kingdom,Met Office HadUK-Grid,https://www.metoffice.gov.uk/pub/data/weather/uk/climate/datasets/Tmean/date/UK.txt,
"Mean summer temperature, June to August",United Kingdom,13.98,°C,1930,United Kingdom,Met Office HadUK-Grid,https://www.metoffice.gov.uk/pub/data/weather/uk/climate/datasets/Tmean/date/UK.txt,
"Mean summer temperature, June to August",United Kingdom,13.22,°C,1931,United Kingdom,Met Office HadUK-Grid,https://www.metoffice.gov.uk/pub/data/weather/uk/climate/datasets/Tmean/date/UK.txt,
"Mean summer temperature, June to August",United Kingdom,14.24,°C,1932,United Kingdom,Met Office HadUK-Grid,https://www.metoffice.gov.uk/pub/data/weather/uk/climate/datasets/Tmean/date/UK.txt,
"Mean summer temperature, June to August",United Kingdom,15.38,°C,1933,United Kingdom,Met Office HadUK-Grid,https://www.metoffice.gov.uk/pub/data/weather/uk/climate/datasets/Tmean/date/UK.txt,
"Mean summer temperature, June to August",United Kingdom,14.57,°C,1934,United Kingdom,Met Office HadUK-Grid,https://www.metoffice.gov.uk/pub/data/weather/uk/climate/datasets/Tmean/date/UK.txt,
"Mean summer temperature, June to August",United Kingdom,14.61,°C,1935,United Kingdom,Met Office HadUK-Grid,https://www.metoffice.gov.uk/pub/data/weather/uk/climate/datasets/Tmean/date/UK.txt,
"Mean summer temperature, June to August",United Kingdom,14.01,°C,1936,United Kingdom,Met Office HadUK-Grid,https://www.metoffice.gov.uk/pub/data/weather/uk/climate/datasets/Tmean/date/UK.txt,
"Mean summer temperature, June to August",United Kingdom,14.10,°C,1937,United Kingdom,Met Office HadUK-Grid,https://www.metoffice.gov.uk/pub/data/weather/uk/climate/datasets/Tmean/date/UK.txt,
"Mean summer temperature, June to August",United Kingdom,13.59,°C,1938,United Kingdom,Met Office HadUK-Grid,https://www.metoffice.gov.uk/pub/data/weather/uk/climate/datasets/Tmean/date/UK.txt,
"Mean summer temperature, June to August",United Kingdom,13.95,°C,1939,United Kingdom,Met Office HadUK-Grid,https://www.metoffice.gov.uk/pub/data/weather/uk/climate/datasets/Tmean/date/UK.txt,
"Mean summer temperature, June to August",United Kingdom,14.18,°C,1940,United Kingdom,Met Office HadUK-Grid,https://www.metoffice.gov.uk/pub/data/weather/uk/climate/datasets/Tmean/date/UK.txt,
"Mean summer temperature, June to August",United Kingdom,14.05,°C,1941,United Kingdom,Met Office HadUK-Grid,https://www.metoffice.gov.uk/pub/data/weather/uk/climate/datasets/Tmean/date/UK.txt,
"Mean summer temperature, June to August",United Kingdom,13.81,°C,1942,United Kingdom,Met Office HadUK-Grid,https://www.metoffice.gov.uk/pub/data/weather/uk/climate/datasets/Tmean/date/UK.txt,
"Mean summer temperature, June to August",United Kingdom,13.84,°C,1943,United Kingdom,Met Office HadUK-Grid,https://www.metoffice.gov.uk/pub/data/weather/uk/climate/datasets/Tmean/date/UK.txt,
"Mean summer temperature, June to August",United Kingdom,14.16,°C,1944,United Kingdom,Met Office HadUK-Grid,https://www.metoffice.gov.uk/pub/data/weather/uk/climate/datasets/Tmean/date/UK.txt,
"Mean summer temperature, June to August",United Kingdom,14.23,°C,1945,United Kingdom,Met Office HadUK-Grid,https://www.metoffice.gov.uk/pub/data/weather/uk/climate/datasets/Tmean/date/UK.txt,
"Mean summer temperature, June to August",United Kingdom,13.17,°C,1946,United Kingdom,Met Office HadUK-Grid,https://www.metoffice.gov.uk/pub/data/weather/uk/climate/datasets/Tmean/date/UK.txt,
"Mean summer temperature, June to August",United Kingdom,15.29,°C,1947,United Kingdom,Met Office HadUK-Grid,https://www.metoffice.gov.uk/pub/data/weather/uk/climate/datasets/Tmean/date/UK.txt,
"Mean summer temperature, June to August",United Kingdom,13.34,°C,1948,United Kingdom,Met Office HadUK-Grid,https://www.metoffice.gov.uk/pub/data/weather/uk/climate/datasets/Tmean/date/UK.txt,
"Mean summer temperature, June to August",United Kingdom,14.71,°C,1949,United Kingdom,Met Office HadUK-Grid,https://www.metoffice.gov.uk/pub/data/weather/uk/climate/datasets/Tmean/date/UK.txt,
"Mean summer temperature, June to August",United Kingdom,14.38,°C,1950,United Kingdom,Met Office HadUK-Grid,https://www.metoffice.gov.uk/pub/data/weather/uk/climate/datasets/Tmean/date/UK.txt,
"Mean summer temperature, June to August",United Kingdom,13.49,°C,1951,United Kingdom,Met Office HadUK-Grid,https://www.metoffice.gov.uk/pub/data/weather/uk/climate/datasets/Tmean/date/UK.txt,
"Mean summer temperature, June to August",United Kingdom,14.00,°C,1952,United Kingdom,Met Office HadUK-Grid,https://www.metoffice.gov.uk/pub/data/weather/uk/climate/datasets/Tmean/date/UK.txt,
"Mean summer temperature, June to August",United Kingdom,13.88,°C,1953,United Kingdom,Met Office HadUK-Grid,https://www.metoffice.gov.uk/pub/data/weather/uk/climate/datasets/Tmean/date/UK.txt,
"Mean summer temperature, June to August",United Kingdom,12.73,°C,1954,United Kingdom,Met Office HadUK-Grid,https://www.metoffice.gov.uk/pub/data/weather/uk/climate/datasets/Tmean/date/UK.txt,
"Mean summer temperature, June to August",United Kingdom,14.90,°C,1955,United Kingdom,Met Office HadUK-Grid,https://www.metoffice.gov.uk/pub/data/weather/uk/climate/datasets/Tmean/date/UK.txt,
"Mean summer temperature, June to August",United Kingdom,12.71,°C,1956,United Kingdom,Met Office HadUK-Grid,https://www.metoffice.gov.uk/pub/data/weather/uk/climate/datasets/Tmean/date/UK.txt,
"Mean summer temperature, June to August",United Kingdom,14.07,°C,1957,United Kingdom,Met Office HadUK-Grid,https://www.metoffice.gov.uk/pub/data/weather/uk/climate/datasets/Tmean/date/UK.txt,
"Mean summer temperature, June to August",United Kingdom,13.70,°C,1958,United Kingdom,Met Office HadUK-Grid,https://www.metoffice.gov.uk/pub/data/weather/uk/climate/datasets/Tmean/date/UK.txt,
"Mean summer temperature, June to August",United Kingdom,14.88,°C,1959,United Kingdom,Met Office HadUK-Grid,https://www.metoffice.gov.uk/pub/data/weather/uk/climate/datasets/Tmean/date/UK.txt,
"Mean summer temperature, June to August",United Kingdom,13.94,°C,1960,United Kingdom,Met Office HadUK-Grid,https://www.metoffice.gov.uk/pub/data/weather/uk/climate/datasets/Tmean/date/UK.txt,
"Mean summer temperature, June to August",United Kingdom,13.42,°C,1961,United Kingdom,Met Office HadUK-Grid,https://www.metoffice.gov.uk/pub/data/weather/uk/climate/datasets/Tmean/date/UK.txt,
"Mean summer temperature, June to August",United Kingdom,12.79,°C,1962,United Kingdom,Met Office HadUK-Grid,https://www.metoffice.gov.uk/pub/data/weather/uk/climate/datasets/Tmean/date/UK.txt,
"Mean summer temperature, June to August",United Kingdom,13.25,°C,1963,United Kingdom,Met Office HadUK-Grid,https://www.metoffice.gov.uk/pub/data/weather/uk/climate/datasets/Tmean/date/UK.txt,
"Mean summer temperature, June to August",United Kingdom,13.50,°C,1964,United Kingdom,Met Office HadUK-Grid,https://www.metoffice.gov.uk/pub/data/weather/uk/climate/datasets/Tmean/date/UK.txt,
"Mean summer temperature, June to August",United Kingdom,12.89,°C,1965,United Kingdom,Met Office HadUK-Grid,https://www.metoffice.gov.uk/pub/data/weather/uk/climate/datasets/Tmean/date/UK.txt,
"Mean summer temperature, June to August",United Kingdom,13.50,°C,1966,United Kingdom,Met Office HadUK-Grid,https://www.metoffice.gov.uk/pub/data/weather/uk/climate/datasets/Tmean/date/UK.txt,
"Mean summer temperature, June to August",United Kingdom,13.88,°C,1967,United Kingdom,Met Office HadUK-Grid,https://www.metoffice.gov.uk/pub/data/weather/uk/climate/datasets/Tmean/date/UK.txt,
"Mean summer temperature, June to August",United Kingdom,13.60,°C,1968,United Kingdom,Met Office HadUK-Grid,https://www.metoffice.gov.uk/pub/data/weather/uk/climate/datasets/Tmean/date/UK.txt,
"Mean summer temperature, June to August",United Kingdom,14.24,°C,1969,United Kingdom,Met Office HadUK-Grid,https://www.metoffice.gov.uk/pub/data/weather/uk/climate/datasets/Tmean/date/UK.txt,
"Mean summer temperature, June to August",United Kingdom,14.22,°C,1970,United Kingdom,Met Office HadUK-Grid,https://www.metoffice.gov.uk/pub/data/weather/uk/climate/datasets/Tmean/date/UK.txt,
"Mean summer temperature, June to August",United Kingdom,13.50,°C,1971,United Kingdom,Met Office HadUK-Grid,https://www.metoffice.gov.uk/pub/data/weather/uk/climate/datasets/Tmean/date/UK.txt,
"Mean summer temperature, June to August",United Kingdom,12.73,°C,1972,United Kingdom,Met Office HadUK-Grid,https://www.metoffice.gov.uk/pub/data/weather/uk/climate/datasets/Tmean/date/UK.txt,
"Mean summer temperature, June to August",United Kingdom,14.17,°C,1973,United Kingdom,Met Office HadUK-Grid,https://www.metoffice.gov.uk/pub/data/weather/uk/climate/datasets/Tmean/date/UK.txt,
"Mean summer temperature, June to August",United Kingdom,13.18,°C,1974,United Kingdom,Met Office HadUK-Grid,https://www.metoffice.gov.uk/pub/data/weather/uk/climate/datasets/Tmean/date/UK.txt,
"Mean summer temperature, June to August",United Kingdom,15.08,°C,1975,United Kingdom,Met Office HadUK-Grid,https://www.metoffice.gov.uk/pub/data/weather/uk/climate/datasets/Tmean/date/UK.txt,
"Mean summer temperature, June to August",United Kingdom,15.70,°C,1976,United Kingdom,Met Office HadUK-Grid,https://www.metoffice.gov.uk/pub/data/weather/uk/climate/datasets/Tmean/date/UK.txt,
"Mean summer temperature, June to August",United Kingdom,13.25,°C,1977,United Kingdom,Met Office HadUK-Grid,https://www.metoffice.gov.uk/pub/data/weather/uk/climate/datasets/Tmean/date/UK.txt,
"Mean summer temperature, June to August",United Kingdom,13.11,°C,1978,United Kingdom,Met Office HadUK-Grid,https://www.metoffice.gov.uk/pub/data/weather/uk/climate/datasets/Tmean/date/UK.txt,
"Mean summer temperature, June to August",United Kingdom,13.47,°C,1979,United Kingdom,Met Office HadUK-Grid,https://www.metoffice.gov.uk/pub/data/weather/uk/climate/datasets/Tmean/date/UK.txt,
"Mean summer temperature, June to August",United Kingdom,13.42,°C,1980,United Kingdom,Met Office HadUK-Grid,https://www.metoffice.gov.uk/pub/data/weather/uk/climate/datasets/Tmean/date/UK.txt,
"Mean summer temperature, June to August",United Kingdom,13.65,°C,1981,United Kingdom,Met Office HadUK-Grid,https://www.metoffice.gov.uk/pub/data/weather/uk/climate/datasets/Tmean/date/UK.txt,
"Mean summer temperature, June to August",United Kingdom,14.37,°C,1982,United Kingdom,Met Office HadUK-Grid,https://www.metoffice.gov.uk/pub/data/weather/uk/climate/datasets/Tmean/date/UK.txt,
"Mean summer temperature, June to August",United Kingdom,15.24,°C,1983,United Kingdom,Met Office HadUK-Grid,https://www.metoffice.gov.uk/pub/data/weather/uk/climate/datasets/Tmean/date/UK.txt,
"Mean summer temperature, June to August",United Kingdom,14.71,°C,1984,United Kingdom,Met Office HadUK-Grid,https://www.metoffice.gov.uk/pub/data/weather/uk/climate/datasets/Tmean/date/UK.txt,
"Mean summer temperature, June to August",United Kingdom,13.06,°C,1985,United Kingdom,Met Office HadUK-Grid,https://www.metoffice.gov.uk/pub/data/weather/uk/climate/datasets/Tmean/date/UK.txt,
"Mean summer temperature, June to August",United Kingdom,13.24,°C,1986,United Kingdom,Met Office HadUK-Grid,https://www.metoffice.gov.uk/pub/data/weather/uk/climate/datasets/Tmean/date/UK.txt,
"Mean summer temperature, June to August",United Kingdom,13.35,°C,1987,United Kingdom,Met Office HadUK-Grid,https://www.metoffice.gov.uk/pub/data/weather/uk/climate/datasets/Tmean/date/UK.txt,
"Mean summer temperature, June to August",United Kingdom,13.59,°C,1988,United Kingdom,Met Office HadUK-Grid,https://www.metoffice.gov.uk/pub/data/weather/uk/climate/datasets/Tmean/date/UK.txt,
"Mean summer temperature, June to August",United Kingdom,14.73,°C,1989,United Kingdom,Met Office HadUK-Grid,https://www.metoffice.gov.uk/pub/data/weather/uk/climate/datasets/Tmean/date/UK.txt,
"Mean summer temperature, June to August",United Kingdom,14.57,°C,1990,United Kingdom,Met Office HadUK-Grid,https://www.metoffice.gov.uk/pub/data/weather/uk/climate/datasets/Tmean/date/UK.txt,
"Mean summer temperature, June to August",United Kingdom,14.20,°C,1991,United Kingdom,Met Office HadUK-Grid,https://www.metoffice.gov.uk/pub/data/weather/uk/climate/datasets/Tmean/date/UK.txt,
"Mean summer temperature, June to August",United Kingdom,14.27,°C,1992,United Kingdom,Met Office HadUK-Grid,https://www.metoffice.gov.uk/pub/data/weather/uk/climate/datasets/Tmean/date/UK.txt,
"Mean summer temperature, June to August",United Kingdom,13.39,°C,1993,United Kingdom,Met Office HadUK-Grid,https://www.metoffice.gov.uk/pub/data/weather/uk/climate/datasets/Tmean/date/UK.txt,
"Mean summer temperature, June to August",United Kingdom,14.36,°C,1994,United Kingdom,Met Office HadUK-Grid,https://www.metoffice.gov.uk/pub/data/weather/uk/climate/datasets/Tmean/date/UK.txt,
"Mean summer temperature, June to August",United Kingdom,15.62,°C,1995,United Kingdom,Met Office HadUK-Grid,https://www.metoffice.gov.uk/pub/data/weather/uk/climate/datasets/Tmean/date/UK.txt,
"Mean summer temperature, June to August",United Kingdom,14.25,°C,1996,United Kingdom,Met Office HadUK-Grid,https://www.metoffice.gov.uk/pub/data/weather/uk/climate/datasets/Tmean/date/UK.txt,
"Mean summer temperature, June to August",United Kingdom,15.06,°C,1997,United Kingdom,Met Office HadUK-Grid,https://www.metoffice.gov.uk/pub/data/weather/uk/climate/datasets/Tmean/date/UK.txt,
"Mean summer temperature, June to August",United Kingdom,13.74,°C,1998,United Kingdom,Met Office HadUK-Grid,https://www.metoffice.gov.uk/pub/data/weather/uk/climate/datasets/Tmean/date/UK.txt,
"Mean summer temperature, June to August",United Kingdom,14.39,°C,1999,United Kingdom,Met Office HadUK-Grid,https://www.metoffice.gov.uk/pub/data/weather/uk/climate/datasets/Tmean/date/UK.txt,
"Mean summer temperature, June to August",United Kingdom,14.15,°C,2000,United Kingdom,Met Office HadUK-Grid,https://www.metoffice.gov.uk/pub/data/weather/uk/climate/datasets/Tmean/date/UK.txt,
"Mean summer temperature, June to August",United Kingdom,14.34,°C,2001,United Kingdom,Met Office HadUK-Grid,https://www.metoffice.gov.uk/pub/data/weather/uk/climate/datasets/Tmean/date/UK.txt,
"Mean summer temperature, June to August",United Kingdom,14.38,°C,2002,United Kingdom,Met Office HadUK-Grid,https://www.metoffice.gov.uk/pub/data/weather/uk/climate/datasets/Tmean/date/UK.txt,
"Mean summer temperature, June to August",United Kingdom,15.74,°C,2003,United Kingdom,Met Office HadUK-Grid,https://www.metoffice.gov.uk/pub/data/weather/uk/climate/datasets/Tmean/date/UK.txt,
"Mean summer temperature, June to August",United Kingdom,14.83,°C,2004,United Kingdom,Met Office HadUK-Grid,https://www.metoffice.gov.uk/pub/data/weather/uk/climate/datasets/Tmean/date/UK.txt,
"Mean summer temperature, June to August",United Kingdom,14.74,°C,2005,United Kingdom,Met Office HadUK-Grid,https://www.metoffice.gov.uk/pub/data/weather/uk/climate/datasets/Tmean/date/UK.txt,
"Mean summer temperature, June to August",United Kingdom,15.75,°C,2006,United Kingdom,Met Office HadUK-Grid,https://www.metoffice.gov.uk/pub/data/weather/uk/climate/datasets/Tmean/date/UK.txt,
"Mean summer temperature, June to August",United Kingdom,14.10,°C,2007,United Kingdom,Met Office HadUK-Grid,https://www.metoffice.gov.uk/pub/data/weather/uk/climate/datasets/Tmean/date/UK.txt,
"Mean summer temperature, June to August",United Kingdom,14.45,°C,2008,United Kingdom,Met Office HadUK-Grid,https://www.metoffice.gov.uk/pub/data/weather/uk/climate/datasets/Tmean/date/UK.txt,
"Mean summer temperature, June to August",United Kingdom,14.71,°C,2009,United Kingdom,Met Office HadUK-Grid,https://www.metoffice.gov.uk/pub/data/weather/uk/climate/datasets/Tmean/date/UK.txt,
"Mean summer temperature, June to August",United Kingdom,14.62,°C,2010,United Kingdom,Met Office HadUK-Grid,https://www.metoffice.gov.uk/pub/data/weather/uk/climate/datasets/Tmean/date/UK.txt,
"Mean summer temperature, June to August",United Kingdom,13.63,°C,2011,United Kingdom,Met Office HadUK-Grid,https://www.metoffice.gov.uk/pub/data/weather/uk/climate/datasets/Tmean/date/UK.txt,
"Mean summer temperature, June to August",United Kingdom,13.90,°C,2012,United Kingdom,Met Office HadUK-Grid,https://www.metoffice.gov.uk/pub/data/weather/uk/climate/datasets/Tmean/date/UK.txt,
"Mean summer temperature, June to August",United Kingdom,15.15,°C,2013,United Kingdom,Met Office HadUK-Grid,https://www.metoffice.gov.uk/pub/data/weather/uk/climate/datasets/Tmean/date/UK.txt,
"Mean summer temperature, June to August",United Kingdom,14.80,°C,2014,United Kingdom,Met Office HadUK-Grid,https://www.metoffice.gov.uk/pub/data/weather/uk/climate/datasets/Tmean/date/UK.txt,
"Mean summer temperature, June to August",United Kingdom,13.91,°C,2015,United Kingdom,Met Office HadUK-Grid,https://www.metoffice.gov.uk/pub/data/weather/uk/climate/datasets/Tmean/date/UK.txt,
"Mean summer temperature, June to August",United Kingdom,14.89,°C,2016,United Kingdom,Met Office HadUK-Grid,https://www.metoffice.gov.uk/pub/data/weather/uk/climate/datasets/Tmean/date/UK.txt,
"Mean summer temperature, June to August",United Kingdom,14.69,°C,2017,United Kingdom,Met Office HadUK-Grid,https://www.metoffice.gov.uk/pub/data/weather/uk/climate/datasets/Tmean/date/UK.txt,
"Mean summer temperature, June to August",United Kingdom,15.76,°C,2018,United Kingdom,Met Office HadUK-Grid,https://www.metoffice.gov.uk/pub/data/weather/uk/climate/datasets/Tmean/date/UK.txt,
"Mean summer temperature, June to August",United Kingdom,15.14,°C,2019,United Kingdom,Met Office HadUK-Grid,https://www.metoffice.gov.uk/pub/data/weather/uk/climate/datasets/Tmean/date/UK.txt,
"Mean summer temperature, June to August",United Kingdom,14.76,°C,2020,United Kingdom,Met Office HadUK-Grid,https://www.metoffice.gov.uk/pub/data/weather/uk/climate/datasets/Tmean/date/UK.txt,
"Mean summer temperature, June to August",United Kingdom,15.28,°C,2021,United Kingdom,Met Office HadUK-Grid,https://www.metoffice.gov.uk/pub/data/weather/uk/climate/datasets/Tmean/date/UK.txt,
"Mean summer temperature, June to August",United Kingdom,15.71,°C,2022,United Kingdom,Met Office HadUK-Grid,https://www.metoffice.gov.uk/pub/data/weather/uk/climate/datasets/Tmean/date/UK.txt,
"Mean summer temperature, June to August",United Kingdom,15.36,°C,2023,United Kingdom,Met Office HadUK-Grid,https://www.metoffice.gov.uk/pub/data/weather/uk/climate/datasets/Tmean/date/UK.txt,
"Mean summer temperature, June to August",United Kingdom,14.38,°C,2024,United Kingdom,Met Office HadUK-Grid,https://www.metoffice.gov.uk/pub/data/weather/uk/climate/datasets/Tmean/date/UK.txt,
"Mean summer temperature, June to August",United Kingdom,16.12,°C,2025,United Kingdom,Met Office HadUK-Grid,https://www.metoffice.gov.uk/pub/data/weather/uk/climate/datasets/Tmean/date/UK.txt,
"Mean summer temperature, June to August",United Kingdom,16.51,°C,2026,United Kingdom,Met Office HadUK-Grid,https://www.metoffice.gov.uk/pub/data/weather/uk/climate/datasets/Tmean/date/UK.txt,
